actual,predicted
47175.67,20731.07335338858
49979.19,21025.021528741723
15056.57,22571.40120639165
22604.89,20875.41944283762
41606.0,22241.406544055248
37702.25,14623.6588177802
21260.31,30846.62091921206
6977.24,19620.471026625182
39486.64,27301.855095408355
35144.44,21101.93895534229
23300.52,27212.30390646854
53122.46,22823.560043751673
45379.18,22550.801995057413
1856.49,22024.94346438429
27416.93,28490.933163144768
56132.73,25090.53998895369
19286.35,17369.852483385457
37594.21,20040.341951181483
32085.61,25257.351230030003
13476.61,24422.399731152604
35650.72,26740.653908862852
37369.25,20977.46211763639
49659.0,22188.98803068086
10618.35,22623.50691017159
1370.7,22715.568645823005
23943.29,24909.27997981504
10304.87,19026.747940234745
44057.3,21417.162462308843
22294.88,31323.536223190607
35709.12,21300.769837165863
40593.28,18818.550295801753
32543.38,27323.57940618119
43051.91,16502.0526150175
917.74,28172.973092560835
11579.58,27432.624868802483
10227.7,33586.00895606898
16020.53,24330.89009417942
7472.43,26274.343864518778
3898.87,24872.46156202283
53620.37,31397.478181590155
8700.01,23625.408313354306
24901.13,21523.263187031473
23257.47,28419.065370263892
22714.51,32275.90596749435
30502.34,25959.577895328668
44877.77,26679.546234169622
35916.14,27204.390500658395
44152.92,21533.64627934527
45442.62,27570.825887181367
21082.9,19777.728702879434
29937.14,15884.622365825666
42938.46,28238.611958583926
4272.11,28195.920679655115
29613.96,23840.932057496007
18033.21,20451.162942096533
12597.16,24272.185904482445
54095.34,20260.888980457505
22580.75,16915.595357407423
25907.78,27298.14378272186
53743.68,25940.560824678352
18434.6,21135.776480563785
41263.43,23895.935576560423
1521.97,28122.398502014406
35089.91,32648.788376665012
31341.6,20884.480909823444
10680.97,24843.35179881863
21417.2,20502.842850903387
42433.51,31556.67493265801
30507.17,22260.526831520852
48160.79,18954.099801874414
45835.32,28235.614368645707
6335.63,23766.58231082713
8058.58,23727.01281046853
11104.21,33963.36333547867
37652.47,23218.256096242927
19766.99,18887.57506119221
16756.25,24349.275694583677
20880.68,24873.34115423476
37095.6,21065.948152292112
10954.87,20796.127366528115
29631.95,18878.319455484747
19012.69,21191.497330838807
28235.33,20542.85898112951
9973.89,23942.63373953405
45493.82,25269.52557719778
12338.73,27566.93983015451
23734.01,20690.280666639264
27667.81,27095.01279242373
11031.59,19078.185299931243
6310.57,24510.67004615191
36744.0,18236.18768872814
34325.21,15917.672844172572
23317.07,24578.75384609862
50252.44,23885.684102035433
1142.63,24331.85771330644
25022.87,25333.585426611142
25134.78,28438.60824578575
22328.64,30525.215795937693
41588.01,23171.822211413415
5344.53,21277.261427438396
5204.55,23817.551573463832
2889.8,19203.40501426469
42394.85,22573.33270436073
23111.23,26155.322402449634
35677.31,26245.39028716699
19617.08,27416.655034002637
46687.14,27215.945942825987
17095.59,21386.452855318148
2257.38,20428.77374907169
40313.2,30974.859971786915
30663.05,23592.90402613573
30109.97,26044.755934384917
27289.4,26199.784243149854
44822.91,27880.340621288742
2579.47,25212.572940014397
22519.58,31077.280572623342
38140.55,26849.04263930121
50610.21,21787.603873956265
45487.65,26320.02944002143
45814.1,27411.5759467143
26477.35,26862.71776314875
35898.89,29423.95522464794
50177.46,15976.504847925267
26687.76,28868.01569899684
52025.3,20049.5694779849
42700.81,22711.15643660798
1486.33,30398.947343415897
1207.9,27010.482018748342
1944.29,22755.93785987262
984.57,26438.861413884497
28295.66,19846.676456824578
29572.31,24211.14786465935
9578.34,18984.293623793772
14726.89,22797.937207537143
42356.33,22804.822647113597
17002.43,21431.694833871003
48880.59,23805.699921575368
56412.39,26729.16649209349
29241.06,23017.226561670446
27161.16,28239.918200830372
3863.42,20445.078653142446
38729.32,31473.67055493155
28026.74,19010.477823484714
38203.95,20933.43488003734
9984.14,27879.494692612443
32840.47,27357.004364435394
37517.45,31248.507574958654
5391.11,26476.308945894052
52762.12,21444.504444359434
26345.71,22968.823535056206
32053.14,26405.58133731558
22405.35,20648.910561686793
9857.6,21763.285444985922
18721.66,23923.57458109331
17224.3,29457.20452684832
14346.97,23053.456175800224
46983.85,29272.875890266027
28634.02,27332.24678858755
21533.41,30480.79942959123
42324.94,22077.068263146462
35950.12,27184.086565872978
56688.98,20284.803304456887
24723.96,33697.35673724674
43703.78,28504.52614111219
41152.89,32578.91548102399
52127.51,22659.347629650914
26749.98,24470.4096857654
16452.17,26913.026092870005
24948.0,22119.356076328757
35330.62,18771.689219527492
45644.2,27137.045327726526
40879.26,19192.841398990502
6730.21,24488.984188031547
55692.26,20095.631575060128
2749.9,21878.947163881658
36800.09,22757.521123119477
34859.68,26806.401494486046
29871.31,28423.119702407
24132.13,27313.750872328586
9735.68,26421.650679251223
28962.89,32899.38772152265
24192.02,26595.325397244833
1973.37,32411.362804571865
28373.57,24265.147160185563
13444.84,27217.212090702735
32419.01,24913.010839243267
43603.88,24176.468498674087
25865.98,30782.501442047025
16888.39,20805.674852814456
5955.37,31224.443113385263
29382.42,27252.082192203005
574.69,24503.382634789632
42415.75,21845.08901809111
13401.74,27184.760854420852
51124.55,30798.958677738075
51765.4,22004.094376303477
33480.64,23987.935830380586
1750.63,22733.574721415855
19007.22,20430.282408227486
39806.89,21350.96851796111
24000.35,22101.02718873338
20864.58,21459.315042366725
30329.31,32740.265024502507
6472.66,32474.842848438522
16927.69,24011.67649867548
23935.46,20445.214154126283
9437.01,25475.205198049734
9196.6,28380.3371557017
5334.03,29575.596662102078
47192.54,21583.717618336814
49982.07,21593.275236287423
40716.92,17441.2277491251
41779.8,21860.096625306265
46396.12,17935.95034344935
35382.31,21659.038959092162
29301.39,24591.861365773624
40772.78,22135.246367615644
15129.94,31346.84111707683
39448.59,19239.304730506898
18795.51,21674.317583804885
30087.1,24852.104865696296
31061.02,24536.754318888696
15849.56,24388.594370755185
3146.93,28790.62716614628
19073.59,22566.929495929675
28061.49,24055.732808219756
12301.52,14851.81729546431
8457.37,29347.910296676047
31874.06,28593.396994718947
10564.4,19428.526979015216
34850.59,24793.95234444833
24496.86,27546.07337157542
31816.14,25395.501515968754
27333.06,22856.427123705165
48088.55,33631.64301440142
34962.3,24125.27458943517
29184.68,24564.567940538593
18891.23,31462.727450252678
24929.14,19143.07030785916
34446.24,27229.329376057478
9081.71,22713.267624281638
41377.71,20685.57369007325
47767.22,20584.91070370106
15727.17,28025.14308515257
44617.65,24325.737590131776
40158.85,29056.328859587036
50098.02,17168.577147696273
38421.44,33591.50354968033
26750.37,26170.69100308497
39582.09,21287.809815575063
17713.11,22792.668585916206
20221.28,24633.332941661116
31170.26,31238.299070391717
34473.09,19063.77706476945
17147.31,32206.883826992187
45257.9,20126.725048396176
44884.59,28177.971011568254
37429.73,28643.761499237804
33766.93,24595.992788668562
39372.59,16487.349066405855
29702.46,24588.845282661594
14750.52,33788.64417680264
33722.37,24754.42533263344
14205.02,24481.07888431465
21673.87,19459.048321223523
35818.75,24667.28185992224
36712.4,24754.273953308253
46986.38,25221.547667988
23564.7,25416.140987179002
7700.46,20608.272444468446
1767.05,31225.06123514954
41336.72,22613.32078162646
7589.49,18938.93839070349
22406.24,28657.53302547946
27208.17,31539.393916383662
26602.0,31578.928165649206
25409.49,27348.37272874056
13426.9,23077.689492771067
20816.6,27279.401736554064
36643.27,21886.69258868074
7070.94,19705.525074970345
52569.21,20256.900323197304
41233.0,29312.730822341495
6701.54,24978.322434942533
8101.9,22739.7384728885
29458.54,24802.5279940003
2418.17,20804.457794053294
16640.57,24178.158815612427
50312.88,22635.460021562252
28551.45,31376.041126956836
22319.98,22627.513890850423
57588.73,24408.974157598383
33316.74,21471.46954394623
42459.75,26830.634382953504
17595.57,28604.040348259365
30234.05,28483.030518468266
5034.96,17528.47765028959
44745.57,19304.31195353389
40327.45,25446.03496389562
30541.38,26182.949934720047
10179.33,21408.674308346755
15870.96,32559.42839235671
8006.65,23632.538482740634
1792.44,23978.309315920047
34042.67,19048.504736253726
43305.89,24749.26701283427
34088.46,22950.66365010554
9188.41,28548.42480930724
25841.38,23687.19027529724
23012.5,22685.42862548558
40211.56,24515.248359525005
42175.62,24739.35653637752
8884.31,20987.23188735744
1330.44,26268.884284796386
46159.5,24640.65471881874
9369.75,22562.769436346665
49785.97,25446.112919282183
18061.9,24286.68955076142
40257.48,28822.19720552909
11382.9,25032.44833046681
15002.37,24051.74654688445
42855.11,16837.45123256641
20642.66,21824.80032637641
38177.3,21823.324411099085
47489.87,32386.83263927114
23642.65,24819.272621329546
45308.93,23220.684220527168
13885.5,25639.56345746662
25866.5,24623.372038147794
12307.87,24527.352432960848
28171.7,22535.79325857644
22476.63,19524.67038148122
37684.56,28100.14990179047
25824.94,22777.217051650583
8450.6,27807.903474803446
34924.65,18922.423893740746
37487.87,29013.18217202065
47468.77,26419.324096281525
38257.65,29352.757738324508
19215.43,20927.295436087225
36121.71,21876.35173937418
26821.15,30984.693306508914
23242.07,26571.239666089234
19414.99,20972.299970425192
6174.84,22772.7790048654
7430.78,24518.126696454456
53715.15,26579.89191237636
43098.3,20122.477922973874
45538.56,20799.238728528126
19953.54,22624.926575885474
32496.03,29359.43318298948
16578.14,20685.252494129156
40312.72,17280.888477822362
3078.03,28411.008661246276
7887.22,23849.415613015924
35806.77,19344.10144279596
44685.57,24437.094298384443
22719.63,31569.950742119225
34463.61,14349.944280021806
14688.14,22509.723850083392
37017.5,31204.216992309623
42883.64,20345.61725442093
29847.43,32465.669510699547
13501.93,21164.31127281295
36650.65,26231.16201224637
33845.07,31137.81811660564
6656.14,24398.546759066543
20917.28,16742.506723585153
10032.31,20061.737184446316
45806.9,24769.955292480034
6768.62,32549.694012383454
11697.07,21562.53032123744
35752.15,22856.58332685669
22260.35,26139.294152791164
20754.62,22110.515394487775
11143.47,12772.919689918976
702.15,22292.501938881003
6572.58,27223.600310323578
43230.52,27747.820710663316
23525.6,32306.60146132618
23266.42,20653.65016595636
49895.35,21635.57503934661
18634.85,25372.31919696236
2636.22,31540.2190251348
36414.43,24837.3975417465
24538.41,29475.783762552324
52033.37,31298.834636089043
38481.97,32890.09148881954
31463.71,20327.514042625484
52305.81,23123.584770117595
40786.47,22005.289747491985
37235.91,27101.94970660528
42724.89,22780.98607643141
21589.27,17111.327174134778
5905.22,20117.808064922458
20697.1,25397.088244749924
10111.49,22211.19120115843
27199.3,28538.349462563794
39527.46,27694.707701370684
13049.41,30426.004301680405
15473.8,14195.212926997507
3087.86,3360.2912106039585
39144.38,33476.39364079851
2017.79,2375.779325021038
37189.49,32912.748078828045
35806.13,43995.172268448296
33990.35,42101.54094141477
42045.64,37535.0691173135
32165.91,38133.50017424684
23062.53,20815.27126000199
54948.5,48268.23155345322
5401.48,5261.906940328157
28246.27,30628.800870068128
14389.09,13128.172277537396
34589.19,38545.362145953695
44058.28,37770.79492779008
31479.67,33984.40414045708
48058.4,47279.026280681144
44229.14,43664.246034194104
49897.56,42749.967661015166
38283.13,35831.08202340208
1575.79,1956.2752739684656
22324.7,23530.275198338706
1145.43,883.0637684007233
30512.12,36990.66520494655
17571.1,20983.641668077948
38031.52,35346.98419060549
24544.51,21933.29448040078
32705.08,32547.059804124852
28850.82,33018.185796574726
46602.71,41359.01236138186
22473.12,18759.228704871173
18419.43,16194.4410104372
26111.76,22689.7146064132
10765.37,9105.025844329959
12817.32,11415.65232403358
8508.18,8533.687089557461
3554.71,3991.6825678987443
20032.02,20798.72530859218
22962.63,24916.86564259467
9169.07,11215.849305712802
3247.61,3138.196367000597
37845.96,33185.529273295746
7038.29,5988.883002078266
4005.62,3568.993176325206
17229.01,15703.168887638445
15350.46,15620.899422234135
19455.59,17009.475754831336
53925.1,46505.2594562489
10116.0,11649.763852920034
36448.18,32711.457129631788
9211.62,7732.232258920212
18393.6,20403.366489709304
34838.16,42729.28563666076
3756.14,4961.620113108376
27030.78,23117.68347242348
31648.5,33802.32388662143
40886.9,42414.68273430457
33984.53,28918.158401351324
21736.97,22429.544812497315
9480.76,9645.804953551351
27152.97,31083.362691866358
38365.99,44469.15857483557
45623.52,44666.706693088425
18345.47,18457.69112183423
5710.01,6314.755596379357
53579.11,47968.115667859354
24683.22,29706.292668478953
2194.11,1789.7719886186787
42346.44,47599.23099594953
39504.32,45824.63602796203
19875.64,21085.16287804582
19907.88,17896.557576826915
37880.05,38365.627354164484
33025.24,29052.650615510745
2142.54,2576.5818820819077
6887.37,6411.772688213514
2893.18,3096.018527132619
11332.58,12876.288845162222
1961.3,1353.8921353384903
35115.4,35176.38634383045
41658.2,42248.858114825096
12122.38,12076.579208970652
36589.5,38732.66890671561
5685.82,5083.35808305176
6420.22,6128.876042432912
26615.82,24485.406383901103
44077.42,49544.79491978948
26197.12,30856.413435290127
31725.21,33732.46068507187
20351.51,23611.023968387155
46888.38,40889.658711977005
1136.47,1118.5220439816585
56043.32,49590.67942961177
6162.1,7081.072705437196
51508.42,47778.18198388956
15226.26,13414.82833427679
35582.94,31981.274459116063
57327.57,49040.726751671486
3485.04,3103.717940567789
48326.86,46884.22758375366
18537.92,16188.122791249401
42664.53,42353.31842605793
21851.24,21425.876805487827
35563.1,34166.35247237263
10040.12,8678.363683733358
17413.05,16853.99378811191
44329.65,39005.481501721166
40280.46,44588.417157527554
2885.45,2739.7995577308975
23479.76,20172.543257285386
14825.92,15489.70151878263
38818.84,39803.99763103297
4992.48,4136.039534977681
42351.8,45966.81861989343
36537.57,43481.404464586485
26592.29,28141.368816574894
4526.35,6093.476397779705
34061.13,30798.69700693906
30674.72,26816.0413987758
37218.26,31270.808094704338
40130.22,48416.01165560383
25628.63,28859.761102690354
3619.06,3033.309871366935
20014.56,19481.445705515616
2273.25,2240.6275609194636
10035.0,11165.713049676368
11004.04,12699.648543510746
36936.81,36241.99946997288
927.65,971.9836210165777
9680.5,7863.019430845994
50848.46,46660.41254640701
9012.64,8536.06852505665
41756.91,41948.16586326727
18117.09,14831.912410800234
12815.43,11320.523497644264
27453.58,33668.31604054583
41747.41,49145.567740015635
15154.43,16574.944851085005
16899.36,18452.78658761469
23506.68,19874.861107895387
41361.56,43539.650774570335
22108.48,20469.95744558467
39183.41,36434.92783958754
34008.33,27971.814462068094
6447.91,5754.904571389237
19748.07,21978.76815896957
47508.31,45461.65468517477
43289.34,38823.98778215167
39215.5,47871.965311943204
17040.69,16327.992936561746
18091.98,20084.48199796422
45344.83,40388.0408149876
18853.74,22398.591157066367
2471.74,2374.6823750049516
30645.51,34699.55229333585
16808.36,16679.355816232943
33294.82,34620.60563026897
32529.22,30640.91627956672
53825.92,45193.462954992065
14984.8,12694.827625247319
12154.94,15089.476954117137
2749.43,2572.871240942495
42065.42,43756.12516228026
4052.67,3322.3153553177945
45030.05,40995.73283990325
27529.79,31926.487294553317
25386.49,25979.034436706766
30844.46,30644.157958025575
5880.84,6331.513009320632
12010.8,12590.736269790243
10432.19,10801.961295132161
11885.8,11166.167265451004
6736.91,6344.08753785308
33953.62,28753.034835750153
29812.25,26535.549997466736
34209.76,41594.90641274002
43605.18,48675.40617508801
5831.34,5147.484503736581
22347.45,19425.017957944845
43115.91,43826.96857267682
2986.54,2498.3019397038697
14508.6,17164.137955066588
7800.49,9426.376070613427
46444.54,41810.047823321285
39814.87,37523.42598154257
16904.52,17333.911471643773
5661.64,5837.815310453338
8401.62,9797.229293479942
21462.2,24854.399139760902
35522.0,35445.103598883376
41876.1,37554.43239692367
33378.7,40944.427620320464
40945.62,38811.0281762209
29454.76,30903.233209535872
6192.15,5104.447262018435
36503.07,37550.336315625784
5175.08,5539.9785781373575
30062.4,31908.650024614413
4515.6,4151.406418181821
14344.08,17529.69902672271
10330.11,10238.903263643968
26735.28,27859.59682362251
22387.48,21369.843911772332
21652.05,22622.585542781682
18682.5,21103.9144237477
14606.84,13804.902814192908
42233.39,45594.858687549844
13445.9,16367.075901798988
10616.89,9554.476960990323
34206.81,38819.67997202263
25273.67,26151.66257818649
9680.69,9904.370644402698
467.63,419.1811397676611
12488.54,12335.700516131195
8555.6,9133.272633829654
10013.69,12347.266453498212
6925.21,7176.956048419797
21071.65,18623.49141246241
58225.68,49261.02220039276
22541.93,19813.664774427343
24428.52,26968.31194888987
43183.88,37363.097550605366
3535.25,4137.313051020861
44238.51,39305.939689257015
44077.62,47432.26047033472
25760.76,30589.92300056747
11299.59,13264.515177580528
29567.69,25044.119775313626
19072.79,17044.459394538284
17173.33,16512.679127008796
27863.12,34398.95994111363
16120.56,15287.566598262558
41440.21,47519.35150644401
41938.44,45487.885918910535
52917.99,48847.55508868367
52728.75,45313.31496817898
31101.57,30826.95984253637
16406.2,17225.366769036773
10189.89,10794.914787051797
46014.47,48036.17932109453
13090.17,15362.266998977162
14470.86,12924.354525869976
33649.48,32993.14826285495
45788.95,42064.10544603635
13995.3,11441.27745481575
17572.51,16218.778462622126
9247.43,10368.806033054414
16515.17,14760.640240630608
47436.94,41902.82023108433
23429.4,19423.626820514284
5395.54,5424.161881872991
41710.73,38434.31249835792
1241.13,795.512252087945
4322.82,5238.030215098883
37496.68,42250.49065580618
2478.72,2340.0209148394024
24000.12,23447.938340460936
25076.78,28652.930482633892
5549.69,5553.8983413376955
27947.03,31373.82082134908
37828.94,45700.60850327251
6078.55,6399.7667637501545
19261.94,22432.88274670461
8660.98,10517.553294253858
54495.22,46526.7691084878
22942.91,27714.56857727091
15670.96,15344.563984808405
15754.58,13468.769072317955
9911.33,11840.699202323018
11235.47,9950.513763223455
39659.69,41785.228825545666
4044.41,3837.829916374216
34071.17,34407.50986595375
37351.73,45414.59759118734
29103.97,25421.72615427523
16797.06,17008.839675142954
33166.68,32892.927425902846
11857.8,12148.646420840987
36466.89,42119.780520140186
9369.44,9811.020310000167
13845.11,13652.751414175293
1448.29,1554.1786201895957
13179.24,15743.770297559498
2960.43,3040.552670503108
6649.18,5825.016831787347
10925.71,9800.801100124037
4942.92,6008.924515595816
14499.25,18162.880419408688
2688.34,3321.939591970331
31790.93,40005.065982314896
30737.74,33377.28797258443
11660.55,10804.737043845631
42681.97,39643.23956819237
39802.94,44393.20512570112
37213.44,41812.04068658056
11265.97,12795.382755797777
5286.27,5682.8588199767255
49497.73,43229.46954925656
13913.87,14248.779920405179
21888.82,24630.3929819807
45485.4,45499.565768407905
27055.64,32479.133136610173
39621.97,37035.77948502936
1113.39,992.9151981407813
14857.49,17231.192644613082
35622.63,35436.64579850346
38746.59,35643.21037898064
17461.83,14761.524412088826
2720.75,2811.5655153747357
6996.1,6987.652524142613
19892.46,18027.602747432204
19065.76,17116.282432560176
48305.0,48215.498170147635
32336.93,38658.01906558861
49081.57,46315.26559822119
40954.48,35854.79683413397
23718.31,20820.8409075233
3030.6,3250.1778158053858
52836.52,49109.88356891397
17866.36,20398.758844396816
11545.39,10509.277499962567
3924.03,4490.702198121693
30370.68,30093.423775959778
17797.31,16184.38426745631
5540.07,6244.660349670012
29748.42,35627.42002306538
24973.6,25973.668951119358
18968.16,17641.193200591122
14306.6,12494.235898131015
28765.81,25156.448531953298
22381.03,23642.89520891299
31616.9,32313.829900107692
31406.22,35753.22155409973
30002.61,25718.17720646995
8727.09,8144.56651202001
9622.69,10109.32204389819
11830.97,10948.254701923193
6546.04,6748.305662117615
14521.65,12487.706284450649
26788.2,24900.748639096164
9814.79,8828.307322077075
25269.32,21317.527920591736
38544.07,38589.32942662998
4270.03,4413.996508258388
8780.23,9540.119984382703
8826.82,8382.026487020976
2575.0,2190.482655677308
29522.29,30663.245157574966
2790.97,2979.705930457716
51488.54,44763.30624820209
5372.64,5379.267431969103
29357.57,26722.791183125868
6741.79,7117.1601611689985
2539.45,2141.160874459838
4430.59,3865.202521939249
22003.31,27517.174556056216
7212.47,8445.065177330034
2590.56,2237.3439119506183
38242.08,41443.46035288004
30273.02,29457.490722877512
7062.98,5569.688802606906
15495.46,17565.280924460352
13784.37,15663.673128457312
41960.33,35187.68752593084
34262.07,41899.80916301653
1576.37,1521.1832530546926
44656.16,43068.13354089853
9315.86,10232.632584407569
25711.18,23085.076299345677
47014.28,43648.138847450384
20476.45,21692.16782415956
20122.08,21471.389364857165
11285.35,14063.125812039705
37517.04,38768.93007895944
24627.33,28907.350426739264
9536.98,8101.804595567293
38765.74,38999.64283355378
27917.29,28155.53975717198
54688.41,47816.183233804244
35585.61,29514.11343090523
6276.8,6455.442697168492
34204.69,38831.172639226665
6301.28,6175.0337342266685
29110.52,27211.641447677295
9219.12,9380.515967489104
21150.24,24749.014219671983
35977.69,41017.92204781408
47834.03,43972.89679158727
41857.98,45514.72243381934
14527.18,15883.946633092093
57141.36,49283.02372003601
57744.19,49860.7583782578
38825.97,41414.53469379943
21739.57,26418.388465873693
13151.48,16204.246621332702
2310.76,3382.8409473810134
16747.79,14590.993871865066
54083.25,44550.62890746667
12803.26,12936.075594978825
35386.81,33388.292030093115
28109.53,32078.11127035768
44285.07,45713.798327500925
5287.71,4504.783030998678
6362.37,6891.153964785553
13204.62,16333.462290741065
3890.65,3539.9241155344753
5743.53,5464.286234820145
33231.19,39530.93008449103
12328.25,14319.939588443607
39218.6,47743.37139047634
30720.54,28448.695137224426
18273.39,19300.57851880549
37934.01,32261.29333310409
9619.37,9100.449797978552
2004.48,1844.4959055308827
26128.39,28488.769192641517
43196.51,41525.85929565657
44848.78,41195.40036258596
26874.74,27361.009495677543
32988.39,27550.83331794831
30909.64,33868.36068354018
30432.43,32718.02512134741
18873.66,21978.012496627776
17348.64,19968.05534830406
36710.86,34351.67410900861
29653.89,25837.162616431313
12865.32,13570.12262427672
39243.81,47776.043105621175
15621.78,16601.162247982982
8434.11,7608.394092833139
35507.75,36612.55977987418
4168.82,3273.6566055051517
13738.79,13942.860738832036
23474.35,29018.660500403956
9140.67,11651.073799732256
19728.69,22082.6710279648
32823.22,35607.91071100086
6271.43,6593.5442532006455
22461.46,25592.331078654384
53795.1,50487.912464304776
33080.21,34524.45768102851
26850.99,32310.681334782712
29894.59,35920.38730253823
47088.76,47155.732298076335
23773.4,20258.514422834065
16349.63,16001.102011856261
43838.89,38811.54121888699
37070.92,38582.93162655967
12172.06,13910.450303028838
50732.08,46119.461406695154
10287.7,11908.580212964553
32352.81,27452.767189536302
32795.85,36828.848016777905
983.12,716.2410747141548
15262.81,16646.372742107327
31317.17,36868.617103627585
29646.51,26135.516550887267
39772.84,41977.31487240181
10254.62,9049.223153753392
7976.85,8865.514261243206
19077.03,19206.50784766517
43821.9,47566.623958915836
6657.76,6961.233157590144
35023.2,30779.63245823715
4000.5,4906.673030036589
21302.14,25047.634652164215
34419.23,31516.751274041235
38946.61,39694.192082947804
15062.69,15318.294142291252
40071.6,48175.83666607545
918.78,1096.7353541746816
4652.61,4187.3308938487135
49919.74,45916.60067761077
45200.44,42197.61616320418
46843.72,49948.53118554878
19706.14,19376.87578425275
5722.67,6363.7001794801945
21675.81,24142.186776777507
29320.94,25249.737420878922
41196.59,44792.05487787155
47953.86,45838.455251105595
9456.77,10661.57302880698
38671.77,35564.78163855797
38566.31,43206.64843328656
26371.64,32224.895874578662
26410.18,22951.512378543426
32368.17,27002.335146444853
21899.65,18108.04952912689
38219.46,41199.61526088437
4138.17,5186.011574116241
26508.6,23042.049452825024
20725.2,16955.662405624873
37805.91,33474.72665034577
11797.57,11934.471118400013
11557.75,9461.140879297545
10214.13,11773.013853532559
7798.37,6871.633727727356
29856.58,29657.673985147478
44555.83,40553.572737858114
35714.09,33755.65440626757
20405.37,24963.87352011888
6253.55,7209.666535935627
19277.51,22837.093651765976
40497.51,41032.155216821804
5689.53,7002.286728694766
46090.93,42252.71219007298
17755.81,19848.092451797835
5805.35,5338.88857295677
16060.04,13629.512582945841
40675.22,46017.5280347754
30304.24,33836.543222266104
2054.64,1943.4195616143552
2953.1,2838.8883903907335
52330.54,47762.78421070702
5043.42,4473.012797625004
8210.6,7239.799551689368
12642.13,15585.880380582874
44860.98,41579.47898402822
13016.74,14725.77307991376
19028.32,16385.650148174143
54367.08,47422.967640925955
40311.64,38235.33656727977
13000.65,12108.16867846709
23192.66,19069.58738096201
26035.42,23801.21891081759
9614.77,9654.573520793043
22964.45,21737.811075539525
38799.41,45325.42698047051
41771.59,45374.49951871019
18670.32,16877.741692940323
5833.47,5905.3401389041355
27491.11,23189.65688452357
45143.65,43847.43670657612
35379.59,36468.3818752494
5146.97,5199.120262574943
8132.68,9139.690016864231
18532.37,19332.76009880092
27392.4,27038.505933198423
27573.1,22857.480312648946
20150.25,18699.020530078124
34033.34,41140.40303758011
39785.69,32549.511091272645
14989.25,12636.571422901357
11322.82,10797.389959043221
6107.14,5115.791059303923
2179.56,1559.0301969625543
17081.77,14846.979368428447
43609.06,47747.16474016223
6932.62,8284.505016223484
4807.38,5502.16442323332
27834.54,32194.718483683373
17039.16,14365.160393058037
4108.09,3810.8436979805665
30823.67,25791.037246004584
29423.02,30515.41213005945
6152.46,7744.406811464836
16358.67,16318.913275418641
43412.14,46684.18088724515
11552.04,9950.179980997178
33555.87,30261.253801061728
23209.94,24051.020188633298
5685.71,5829.923000291434
24791.78,28526.80830060713
50145.26,45294.37758061129
46531.42,46944.93549993647
51296.9,48793.14607641311
47408.27,41207.5539483547
20428.03,21840.00340867132
19528.32,19549.473019017576
32328.11,32378.92463119536
28495.47,30766.01011766884
31509.7,32492.054479784285
1183.95,1164.4397380282644
1992.64,2324.7170629899774
10583.84,8906.991292789606
28542.1,33828.71450719757
44156.2,42446.66071714577
36088.4,43853.448970923666
53841.19,47150.30641450026
47253.01,45975.58333425248
47821.6,48821.836777264194
13498.84,11175.432620203972
13871.08,16241.060789479061
3440.76,3430.8631862306574
49360.9,49364.615184267095
46300.1,44518.28092931716
54885.58,48602.24583578271
21727.81,21843.045819368992
14218.16,16318.657548198262
10349.68,10196.037219447257
22348.6,27461.784704566013
2369.73,1747.1768927392404
17578.46,21247.827823779586
1314.03,1030.7210417073838
36419.48,33463.87727768031
31009.16,30958.66881692811
52667.37,44278.717187919334
12680.49,11427.935899926659
1589.87,1853.3847770146567
